[
  {
    "nom": "Lycée Pilote Bourguiba",
    "categorie": "Lycée",
    "lat": 36.8340,
    "lng": 10.1650
  },
  {
    "nom": "Lycée Pierre Mendes France",
    "categorie": "Lycée",
    "lat": 36.8337,
    "lng": 10.1747
  },
  {
    "nom": "Lycée Rue de Russie",
    "categorie": "Lycée",
    "lat": 36.8100,
    "lng": 10.1700
  },
  {
    "nom": "Lycée Ibn Khaldoun",
    "categorie": "Lycée",
    "lat": 36.8500,
    "lng": 10.2100
  },
  {
    "nom": "Lycée Aboul Kacem Chebbi",
    "categorie": "Lycée",
    "lat": 36.8300,
    "lng": 10.2000
  },
  {
    "nom": "Lycée Al Aloui",
    "categorie": "Lycée",
    "lat": 36.8000,
    "lng": 10.1800
  },
  {
    "nom": "Lycée Avicenne",
    "categorie": "Lycée",
    "lat": 36.8200,
    "lng": 10.1900
  },
  {
    "nom": "Lycée Bab El Khadra",
    "categorie": "Lycée",
    "lat": 36.8050,
    "lng": 10.1750
  },
  {
    "nom": "Lycée El Omrane",
    "categorie": "Lycée",
    "lat": 36.8150,
    "lng": 10.1550
  },
  {
    "nom": "Lycée Sadiki",
    "categorie": "Lycée",
    "lat": 36.8070,
    "lng": 10.1720
  },
  {
    "nom": "Lycée Privé Al Hussein",
    "categorie": "Lycée",
    "lat": 36.8100,
    "lng": 10.1850
  },
  {
    "nom": "Lycée Pasteur (Français)",
    "categorie": "Lycée",
    "lat": 36.8350,
    "lng": 10.1600
  },
  {
    "nom": "Lycée Farhat Hached",
    "categorie": "Lycée",
    "lat": 37.2740,
    "lng": 9.8730
  },
  {
    "nom": "Lycée Sousse Centre",
    "categorie": "Lycée",
    "lat": 35.8250,
    "lng": 10.6370
  },
  {
    "nom": "Lycée Monastir Habib Bourguiba",
    "categorie": "Lycée",
    "lat": 35.7700,
    "lng": 10.8300
  },
  {
    "nom": "Lycée Sfax El Jadida",
    "categorie": "Lycée",
    "lat": 34.7400,
    "lng": 10.4550
  },
  {
    "nom": "MJ 15 Octobre de Bizerte",
    "categorie": "Maison des Jeunes",
    "lat": 37.2744,
    "lng": 9.8739
  },
  {
    "nom": "MJ Bizerte Rimel",
    "categorie": "Maison des Jeunes",
    "lat": 37.2200,
    "lng": 9.9200
  },
  {
    "nom": "MJ Mahdia",
    "categorie": "Maison des Jeunes",
    "lat": 35.5047,
    "lng": 11.0615
  },
  {
    "nom": "MJ Chebba",
    "categorie": "Maison des Jeunes",
    "lat": 35.2370,
    "lng": 11.2260
  },
  {
    "nom": "MJ Medenine",
    "categorie": "Maison des Jeunes",
    "lat": 33.5078,
    "lng": 10.9456
  },
  {
    "nom": "MJ Zarzis",
    "categorie": "Maison des Jeunes",
    "lat": 33.4099,
    "lng": 11.4350
  },
  {
    "nom": "MJ Monastir",
    "categorie": "Maison des Jeunes",
    "lat": 35.7682,
    "lng": 10.8268
  },
  {
    "nom": "MJ Nabeul",
    "categorie": "Maison des Jeunes",
    "lat": 36.4561,
    "lng": 10.7376
  },
  {
    "nom": "MJ Hammamet",
    "categorie": "Maison des Jeunes",
    "lat": 36.4061,
    "lng": 10.6037
  },
  {
    "nom": "MJ Kelibia",
    "categorie": "Maison des Jeunes",
    "lat": 36.8426,
    "lng": 11.1202
  },
  {
    "nom": "MJ Korba",
    "categorie": "Maison des Jeunes",
    "lat": 36.6530,
    "lng": 10.9830
  },
  {
    "nom": "MJ Sousse",
    "categorie": "Maison des Jeunes",
    "lat": 35.8256,
    "lng": 10.6372
  },
  {
    "nom": "MJ Tunis Médina",
    "categorie": "Maison des Jeunes",
    "lat": 36.8065,
    "lng": 10.1815
  },
  {
    "nom": "MJ Ibn Khaldoun",
    "categorie": "Maison des Jeunes",
    "lat": 36.8500,
    "lng": 10.2100
  },
  {
    "nom": "MJ Sidi El Béchir",
    "categorie": "Maison des Jeunes",
    "lat": 36.8150,
    "lng": 10.1900
  },
  {
    "nom": "MJ Gafsa",
    "categorie": "Maison des Jeunes",
    "lat": 34.4200,
    "lng": 8.7842
  },
  {
    "nom": "MJ Jendouba",
    "categorie": "Maison des Jeunes",
    "lat": 36.4833,
    "lng": 8.4333
  },
  {
    "nom": "Tunis Hafsia",
    "categorie": "Poste",
    "lat": 36.8025,
    "lng": 10.1750
  },
  {
    "nom": "Bardo",
    "categorie": "Poste",
    "lat": 36.8070,
    "lng": 10.1620
  },
  {
    "nom": "Enaser",
    "categorie": "Poste",
    "lat": 36.8550,
    "lng": 10.2000
  },
  {
    "nom": "Tunis Carthage",
    "categorie": "Poste",
    "lat": 36.8500,
    "lng": 10.2400
  },
  {
    "nom": "Mégrine",
    "categorie": "Poste",
    "lat": 36.8100,
    "lng": 10.3200
  },
  {
    "nom": "Bizerte",
    "categorie": "Poste",
    "lat": 37.2744,
    "lng": 9.8739
  },
  {
    "nom": "Nabeul",
    "categorie": "Poste",
    "lat": 36.4561,
    "lng": 10.7376
  },
  {
    "nom": "Hammamet",
    "categorie": "Poste",
    "lat": 36.4061,
    "lng": 10.6037
  },
  {
    "nom": "Sousse",
    "categorie": "Poste",
    "lat": 35.8256,
    "lng": 10.6372
  },
  {
    "nom": "Monastir",
    "categorie": "Poste",
    "lat": 35.7682,
    "lng": 10.8268
  },
  {
    "nom": "Mahdia",
    "categorie": "Poste",
    "lat": 35.5047,
    "lng": 11.0615
  },
  {
    "nom": "Sfax",
    "categorie": "Poste",
    "lat": 34.7406,
    "lng": 10.4553
  },
  {
    "nom": "Gabès",
    "categorie": "Poste",
    "lat": 33.8911,
    "lng": 10.0984
  },
  {
    "nom": "Djerba Houmt Souk",
    "categorie": "Poste",
    "lat": 33.8753,
    "lng": 10.9567
  },
  {
    "nom": "Gafsa",
    "categorie": "Poste",
    "lat": 34.4200,
    "lng": 8.7842
  },
  {
    "nom": "Présidence du Gouvernement",
    "categorie": "Ministère",
    "lat": 36.8006,
    "lng": 10.1674
  },
  {
    "nom": "Ministère de l'Intérieur",
    "categorie": "Ministère",
    "lat": 36.8009,
    "lng": 10.1815
  },
  {
    "nom": "Ministère des Affaires étrangères, de la Migration et des Tunisiens à l'étranger",
    "categorie": "Ministère",
    "lat": 36.8220,
    "lng": 10.1650
  },
  {
    "nom": "Ministère des Finances",
    "categorie": "Ministère",
    "lat": 36.8430,
    "lng": 10.2050
  },
  {
    "nom": "Ministère de l'Éducation",
    "categorie": "Ministère",
    "lat": 36.8015,
    "lng": 10.1685
  },
  {
    "nom": "Ministère de la Santé",
    "categorie": "Ministère",
    "lat": 36.8110,
    "lng": 10.1570
  },
  {
    "nom": "Ministère des Affaires sociales",
    "categorie": "Ministère",
    "lat": 36.8005,
    "lng": 10.1690
  },
  {
    "nom": "Ministère de l'Industrie, de l'Énergie et des Mines",
    "categorie": "Ministère",
    "lat": 36.8225,
    "lng": 10.1870
  },
  {
    "nom": "Ministère des Technologies de la Communication",
    "categorie": "Ministère",
    "lat": 36.8135,
    "lng": 10.1810
  },
  {
    "nom": "Ministère de l'Environnement",
    "categorie": "Ministère",
    "lat": 36.8435,
    "lng": 10.2055
  },
  {
    "nom": "Ministère du Tourisme",
    "categorie": "Ministère",
    "lat": 36.8090,
    "lng": 10.1845
  }
]
